username,
dravishakatoch,
niharikayadav01,
anon_pixie,
major_tom211,
Akanksha_mish27,
nairmayukh,
ron1th,
meyaohyeah,
muracommie,
DibyenduMishra,
whoisit123123,
abhiirbhalla,
fairycatmanya,
ArundhatiBala,
prii469,
bhaveshneekhra,
sagnik_puri,
manishxrajani,
jubakshi,
possiblyshreya,
veryvernica,
neelvaidya9,
jahnavimukul,
vighneshhampa,
thedeepvakil,
erynd4le,
Vidit2000Singh,
anondotpy,
DeeprajPandey,
rohanspai12,
hiyachowdhury26,
salo_nahi,
zny_syd,
KananBehis,
tiidoo_,
cefiljoseph,
PulariB,
nitantpandya,
nikhil_bhave9,
eatheritz,
kumarkevichar,
AtharviB,
mikewazhousekey,
tanbi_k,
pristineVedansh,
bhavyaxsoni,
amaanasim,
fatman120201,
praramachandran,
unknownkhi,
aditi_tibarewal,
jeeveshhh,
somya_wadhwa,
shivamag437,
tundra_theraimy,
yoboidesai,
thodakaafi,
medinichopra_,
babydravidian,
rehahahahahha,
Prathmarora,